<?xml version="1.0" encoding="UTF-8"?>
<project-private xmlns="http://www.netbeans.org/ns/project-private/1">
    <editor-bookmarks xmlns="http://www.netbeans.org/ns/editor-bookmarks/2" lastBookmarkId="0"/>
    <open-files xmlns="http://www.netbeans.org/ns/projectui-open-files/2">
        <group>
            <file>file:/Users/apple/NetBeansProjects/LFSR/src/lfsr/NLFSRFeedback.java</file>
            <file>file:/Users/apple/NetBeansProjects/LFSR/src/lfsr/LFSR.java</file>
            <file>file:/Users/apple/NetBeansProjects/LFSR/src/lfsr/NLFSRBoth.java</file>
            <file>file:/Users/apple/NetBeansProjects/LFSR/src/lfsr/NLFSRFeedForward.java</file>
        </group>
    </open-files>
</project-private>
